Redirect 301 /recipes/pizza_dough_formula http://pizzza.com.ua/recipes/pizza_testo_recept
Redirect 301 /world/news/restaurants_capital http://pizzza.com.ua/public/restaurants_capital
Redirect 301 /news/pizza_history/pizza_roll http://pizzza.com.ua/public/pizza_roll
Redirect 301 /news/world/pizza_and_cancer http://pizzza.com.ua/public/pizza_and_cancer
Redirect 301 /news/world/pizza_history http://pizzza.com.ua/public/pizza_history
Redirect 301 /news/pizza_history/italian_pizza http://pizzza.com.ua/public/italian_pizza
Redirect 301 /news/world/pizza_cosmetics http://pizzza.com.ua/public/pizza_cosmetics
Redirect 301 /news/world/James_Bond_pizza http://pizzza.com.ua/public/James_Bond_pizza
Redirect 301 /news/world/salt http://pizzza.com.ua/public/salt
Redirect 301 /news/pizza_history/pizza_map http://pizzza.com.ua/public/pizza_map
Redirect 301 /news/world/fish_restaurants http://pizzza.com.ua/public/fish_restaurants
Redirect 301 /news/pizza_history/neapolitan_pizza http://pizzza.com.ua/public/neapolitan_pizza
Redirect 301 /news/world/pizza_owen http://pizzza.com.ua/public/pizza_owen
Redirect 301 /news/world/grains http://pizzza.com.ua/public/grains
Redirect 301 /news/world/coffee http://pizzza.com.ua/public/coffee
Redirect 301 /news/world/peppers http://pizzza.com.ua/public/peppers
Redirect 301 /news/world/pizza_food http://pizzza.com.ua/public/pizza_food
Redirect 301 /news/world/receipts http://pizzza.com.ua/public/receipts
Redirect 301 /news/world/present http://pizzza.com.ua/public/present
Redirect 301 /news/pizza_history/italian_quizine http://pizzza.com.ua/public/italian_quizine
Redirect 301 /news/world/friture http://pizzza.com.ua/public/friture
Redirect 301 /news/world/soup http://pizzza.com.ua/public/soup
Redirect 301 /news/pizza_history/cheeze http://pizzza.com.ua/public/cheeze
Redirect 301 /news/world/coffee_smell http://pizzza.com.ua/public/coffee_smell
Redirect 301 /news/world/salad_decoration http://pizzza.com.ua/public/salad_decoration
Redirect 301 /news/world/greek_quizine http://pizzza.com.ua/public/greek_quizine
Redirect 301 /news/world/kids_food http://pizzza.com.ua/public/kids_food
Redirect 301 /news/world/healthy_food http://pizzza.com.ua/public/healthy_food
Redirect 301 /news/world/good_calories http://pizzza.com.ua/public/good_calories
Redirect 301 /news/world/beer http://pizzza.com.ua/public/beer
Redirect 301 /news/world/vine http://pizzza.com.ua/public/vine
Redirect 301 /news/world/good_breakfast http://pizzza.com.ua/public/good_breakfast
Redirect 301 /news/world/picnic http://pizzza.com.ua/public/picnic
Redirect 301 /news/world/features_food_canada http://pizzza.com.ua/public/features_food_canada
Redirect 301 /article/different/kartoshka-vsjemu-golova http://pizzza.com.ua/public/kartoshka-vsjemu-golova
Redirect 301 /article/different/rozovoe_pivo http://pizzza.com.ua/public/rozovoe_pivo
Redirect 301 /article/different/pjerjekhodim-na-ljetnjeje-mjenju http://pizzza.com.ua/public/pjerjekhodim-na-ljetnjeje-mjenju
Redirect 301 /pizza_history/article/dominos http://pizzza.com.ua/public/dominos
Redirect 301 /news/article/poljeznyje-svojstva-syra http://pizzza.com.ua/public/poljeznyje-svojstva-syra
Redirect 301 /news/article/dostavka-objedov-iz-rjestorana-v-kijevje http://pizzza.com.ua/public/dostavka-objedov-iz-rjestorana-v-kijevje
Redirect 301 /news/article/pochjemu-nuzhno-polzovatsja-skovorodami-klassa-prjemium http://pizzza.com.ua/public/pochjemu-nuzhno-polzovatsja-skovorodami-klassa-prjemium
Redirect 301 /world/world/italiyanskiye_deserti http://pizzza.com.ua/public/italiyanskiye_deserti
Redirect 301 /world/article/sushi-i-picca--dva-bljuda-naiboljeje-kharaktjernykh-dlja-protivopolozhnykh-chastjej-svjeta-vostoka-i-zapada http://pizzza.com.ua/public/sushi-i-picca--dva-bljuda-naiboljeje-kharaktjernykh-dlja-protivopolozhnykh-chastjej-svjeta-vostoka-i-zapada
Redirect 301 /article/different/rol-avtomatizacii-v-rabotje-rjestoranov-i-klubov http://pizzza.com.ua/public/rol-avtomatizacii-v-rabotje-rjestoranov-i-klubov
Redirect 301 /news/article/kak-objespjechit-sjebja-chistoj-vodoj http://pizzza.com.ua/public/kak-objespjechit-sjebja-chistoj-vodoj
Redirect 301 /news/article/bary-kijeva http://pizzza.com.ua/public/bary-kijeva
Redirect 301 /news/article/vybor-rjestorana http://pizzza.com.ua/public/vybor-rjestorana
Redirect 301 /news/pizza-kieva/dominos_pozdravlenije_s_8_marta http://pizzza.com.ua/public/dominos_pozdravlenije_s_8_marta
Redirect 301 /news/pizza-kieva/vesnyanoe_menu_v_mamamia http://pizzza.com.ua/public/vesnyanoe_menu_v_mamamia
Redirect 301 /news/pizza-kieva/samaya_bolidshaya_pizza_ukraini http://pizzza.com.ua/public/samaya_bolidshaya_pizza_ukraini
Redirect 301 /world/world/avtomaty_s_pizz�i http://pizzza.com.ua/public/avtomaty_s_pizz%D0%B5i
Redirect 301 /article/different/kak-pridat-bljudam-pikantnyj-vkus-ili-putjeshjestvije-v-mir-spjecij http://pizzza.com.ua/public/kak-pridat-bljudam-pikantnyj-vkus-ili-putjeshjestvije-v-mir-spjecij
Redirect 301 /world/news/novyi_vyd_pizzy http://pizzza.com.ua/public/novyi_vyd_pizzy
Redirect 301 /news/pizza-kieva/novaya_chelentano_dostavka http://pizzza.com.ua/public/novaya_chelentano_dostavka
Redirect 301 /world/world/avtomaty_s_pizzеi http://pizzza.com.ua/public/avtomaty_s_pizzеi
Redirect 301 /public/world/world http://pizzza.com.ua/public
Redirect 301 /public/news/pizza_history http://pizzza.com.ua/public
Redirect 301 /public/world http://pizzza.com.ua/public
Redirect 301 /public/article http://pizzza.com.ua/public
Redirect 301 /public/pizza_history/pizza-kieva http://pizzza.com.ua/public
Redirect 301 /public/pizza_history/article http://pizzza.com.ua/public
Redirect 301 /public/pizza-kieva http://pizzza.com.ua/public
Redirect 301 /public/news http://pizzza.com.ua/public
Redirect 301 /delivery.php http://pizzza.com.ua/delivery
Redirect 301 /index.php/delivery http://pizzza.com.ua/delivery
Redirect 301 /etno http://pizzza.com.ua
Redirect 301 /podruzhka http://pizzza.com.ua
Redirect 301 /subemail/add http://pizzza.com.ua

Redirect 301 /pizzalend/chikitto http://pizzza.com.ua/pizzalend/pizza/chikitto
Redirect 301 /pizzalend/margarita http://pizzza.com.ua/pizzalend/pizza/margarita
Redirect 301 /pizzalend/gavaiskaya http://pizzza.com.ua/pizzalend/pizza/gavaiskaya

Redirect 301 /double_pizza/marinara http://pizzza.com.ua/double_pizza/pizza/marinara
Redirect 301 /kalabriiskaya http://pizzza.com.ua/double_pizza/pizza/kalabriiskaya
Redirect 301 /double_pizza/grecheskaya http://pizzza.com.ua/double_pizza/pizza/grecheskaya

Redirect 301 /pizza_belissima/laki http://pizzza.com.ua/pizza_belissima/pizza/laki
Redirect 301 /pizza_belissima/gribnaya http://pizzza.com.ua/pizza_belissima/pizza/gribnaya
Redirect 301 /pizza_belissima/ovoshchnaya http://pizzza.com.ua/pizza_belissima/pizza/ovoshchnaya

Redirect 301 /pizza_na_vse_100/korolevskaya http://pizzza.com.ua/pizza_na_vse_100/pizza/korolevskaya
Redirect 301 /pizza_na_vse_100/vegetarianskaya http://pizzza.com.ua/pizza_na_vse_100/pizza/vegetarianskaya
Redirect 301 /pizza_na_vse_100/fruktovaya http://pizzza.com.ua/pizza_na_vse_100/pizza/fruktovaya

Redirect 301 /diner_pizza/ohotnichya http://pizzza.com.ua/diner_pizza/pizza/ohotnichya
Redirect 301 /diner_pizza/rancho http://pizzza.com.ua/diner_pizza/pizza/rancho
Redirect 301 /diner_pizza/mehiko http://pizzza.com.ua/diner_pizza/pizza/mehiko

Redirect 301 /pizzahouse/semeinaya http://pizzza.com.ua/pizzahouse/pizza/semeinaya
Redirect 301 /pizzahouse/vostochnaya_krasavitsa http://pizzza.com.ua/pizzahouse/pizza/vostochnaya_krasavitsa
Redirect 301 /pizzahouse/tolstyi_fraer http://pizzza.com.ua/pizzahouse/pizza/tolstyi_fraer

Redirect 301 /pizza_maestro/maestro http://pizzza.com.ua/pizza_maestro/pizza/maestro
Redirect 301 /pizza_maestro/grecheskaya http://pizzza.com.ua/pizza_maestro/pizza/grecheskaya
Redirect 301 /pizza_maestro/kaltsone http://pizzza.com.ua/pizza_maestro/pizza/kaltsone

Redirect 301 /lux_pizza/bovariya http://pizzza.com.ua/lux_pizza/pizza/bovariya
Redirect 301 /lux_pizza/aziatskaya http://pizzza.com.ua/lux_pizza/pizza/aziatskaya
Redirect 301 /lux_pizza/selyanskaya http://pizzza.com.ua/lux_pizza/pizza/selyanskaya

Redirect 301 /pizza_jazz/kaltsone_s_kuritsei http://pizzza.com.ua/pizza_jazz/pizza/kaltsone_s_kuritsei
Redirect 301 /pizza_jazz/diablo http://pizzza.com.ua/pizza_jazz/pizza/diablo
Redirect 301 /pizza_jazz/s_tuntsom http://pizzza.com.ua/pizza_jazz/pizza/s_tuntsom

Redirect 301 /buona_pizza/kopchenaya http://pizzza.com.ua/buona_pizza/pizza/kopchenaya
Redirect 301 /buona_pizza/po_selyanski http://pizzza.com.ua/buona_pizza/pizza/po_selyanski
Redirect 301 /buona_pizza/chelentano http://pizzza.com.ua/buona_pizza/pizza/chelentano

Redirect 301 /pizza33/tropicheskaya http://pizzza.com.ua/pizza33/pizza/tropicheskaya
Redirect 301 /pizza33/fruktovaya http://pizzza.com.ua/pizza33/pizza/fruktovaya
Redirect 301 /pizza33/soho http://pizzza.com.ua/pizza33/pizza/soho

Redirect 301 /2imperii/drakon http://pizzza.com.ua/2imperii/pizza/drakon
Redirect 301 /2imperii/klassicheskaya http://pizzza.com.ua/2imperii/pizza/klassicheskaya
Redirect 301 /2imperii/vegeterianskaya http://pizzza.com.ua/2imperii/pizza/vegeterianskaya

Redirect 301 /pizzarium/marino http://pizzza.com.ua/pizzarium/pizza/marino
Redirect 301 /pizzarium/gavaiskaya http://pizzza.com.ua/pizzarium/pizza/gavaiskaya
Redirect 301 /pizzarium/vegetarianskaya http://pizzza.com.ua/pizzarium/pizza/vegetarianskaya

Redirect 301 /mafia/kassia http://pizzza.com.ua/mafia/pizza/kassia
Redirect 301 /mafia/verona http://pizzza.com.ua/mafia/pizza/verona
Redirect 301 /mafia/sitsiliano http://pizzza.com.ua/mafia/pizza/sitsiliano

Redirect 301 /menu_avenue/macho http://pizzza.com.ua/menu_avenue/pizza/macho
Redirect 301 /menu_avenue/vremena_goda http://pizzza.com.ua/menu_avenue/pizza/vremena_goda
Redirect 301 /menu_avenue/klub_syra http://pizzza.com.ua/menu_avenue/pizza/klub_syra

Redirect 301 /adriano_pizza/k_pivy http://pizzza.com.ua/adriano_pizza/pizza/k_pivy
Redirect 301 /adriano_pizza/sladkaya http://pizzza.com.ua/adriano_pizza/pizza/sladkaya
Redirect 301 /adriano_pizza/adriano http://pizzza.com.ua/adriano_pizza/pizza/adriano

Redirect 301 /verona_pizza/grecheskaya http://pizzza.com.ua/verona_pizza/pizza/grecheskaya
Redirect 301 /verona_pizza/peperoni http://pizzza.com.ua/verona_pizza/pizza/peperoni
Redirect 301 /verona_pizza/la_primavera http://pizzza.com.ua/verona_pizza/pizza/la_primavera

Redirect 301 /po_neopolitanski http://pizzza.com.ua/pizza_party/pizza/po_neopolitanski
Redirect 301 /pizza_party/toskana http://pizzza.com.ua/pizza_party/pizza/toskana
Redirect 301 /pizza_party/supermyasnaya http://pizzza.com.ua/pizza_party/pizza/supermyasnaya

Redirect 301 /mio_pizza/mio_kvatro http://pizzza.com.ua/mio_pizza/pizza/mio_kvatro
Redirect 301 /mio_pizza/meksika http://pizzza.com.ua/mio_pizza/pizza/meksika
Redirect 301 /mio_pizza/pizza_vegetariantsa http://pizzza.com.ua/mio_pizza/pizza/pizza_vegetariantsa

Redirect 301 /papa_pizza/pizza_s_ovoschami http://pizzza.com.ua/papa_pizza/pizza/pizza_s_ovoschami
Redirect 301 /papa_pizza/chetyri_syra http://pizzza.com.ua/papa_pizza/pizza/chetyri_syra
Redirect 301 /papa_pizza/spicy http://pizzza.com.ua/papa_pizza/pizza/spicy

Redirect 301 /dominos/ekstravaganzza http://pizzza.com.ua/dominos/pizza/ekstravaganzza
Redirect 301 /dominos/ovoschnaya_feeriya http://pizzza.com.ua/dominos/pizza/ovoschnaya_feeriya
Redirect 301 /dominos/%D1%81hikenita http://pizzza.com.ua/dominos/pizza/%D1%81hikenita

Redirect 301 /pizza_mexico/proshutto http://pizzza.com.ua/pizza_mexico/pizza/proshutto
Redirect 301 /pizza_mexico/oshybka_povara http://pizzza.com.ua/pizza_mexico/pizza/oshybka_povara
Redirect 301 /pizza_mexico/parma http://pizzza.com.ua/pizza_mexico/pizza/parma

Redirect 301 /babene/palermo http://pizzza.com.ua/babene/pizza/palermo
Redirect 301 /babene/proshutto http://pizzza.com.ua/babene/pizza/proshutto
Redirect 301 /babene/diabola http://pizzza.com.ua/babene/pizza/diabola

Redirect 301 /trattoria_pizza/rimskaya http://pizzza.com.ua/trattoria_pizza/pizza/rimskaya
Redirect 301 /trattoria_pizza/milanskaya http://pizzza.com.ua/trattoria_pizza/pizza/milanskaya
Redirect 301 /trattoria_pizza/firmennaya http://pizzza.com.ua/trattoria_pizza/pizza/firmennaya

Redirect 301 /grand/salyami http://pizzza.com.ua/grand/pizza/salyami
Redirect 301 /grand/pizza_s_krevetkami http://pizzza.com.ua/grand/pizza/pizza_s_krevetkami
Redirect 301 /grand/grand http://pizzza.com.ua/grand/pizza/grand

Redirect 301 /imperia_pizza/domashnyaya http://pizzza.com.ua/imperia_pizza/pizza/domashnyaya
Redirect 301 /imperia_pizza/gavaiskaya http://pizzza.com.ua/imperia_pizza/pizza/gavaiskaya
Redirect 301 /imperia_pizza/koroleva-morya http://pizzza.com.ua/imperia_pizza/pizza/koroleva-morya

Redirect 301 /vesuvio/vezuvio http://pizzza.com.ua/vesuvio/pizza/vezuvio
Redirect 301 /vesuvio/ispanskaya http://pizzza.com.ua/vesuvio/pizza/ispanskaya
Redirect 301 /vesuvio/kaliforniiskaya http://pizzza.com.ua/vesuvio/pizza/kaliforniiskaya

RewriteCond %{QUERY_STRING} ^([^&]&)*id=18
RewriteRule ^recept\.php$ /recipes/quattro_stagioni$1? [L,R=301]

RewriteCond %{QUERY_STRING} ^([^&]&)*id=34
RewriteRule ^article-pizza\.php$ /public/vine$1? [L,R=301]

RewriteCond %{QUERY_STRING} ^([^&]&)*id=32
RewriteRule ^article-pizza\.php$ /public/good_calories$1? [L,R=301]

RewriteRule ^recept\.php$ /recipes [L,R=301]

RewriteCond %{QUERY_STRING} ^([^&]&)*id=13
RewriteRule ^pizeria_vew\.php$ /grand$1? [L,R=301]

RewriteCond %{QUERY_STRING} ^([^&]&)*id=4
RewriteRule ^article_view\.php$ /recipes/pizza_margherita$1? [L,R=301]

RewriteCond %{QUERY_STRING} ^([^&]&)*id=5
RewriteRule ^article_view\.php$ /recipes/pizza_marinara$1? [L,R=301]

RewriteCond %{QUERY_STRING} ^([^&]&)*id=8
RewriteRule ^article-pizza\.php$ /public$1? [L,R=301]

RewriteRule ^pizzerias\/\d+(\/\d+(\/\d*)?)?$ /pizzerias [L,R=301]

RewriteRule ^discounts\/\d+(\/\d*)?$ /discounts [L,R=301]
RewriteRule ^map\/\d+$ /map [L,R=301]
RewriteRule ^recipes\/\d+$ /recipes [L,R=301]
RewriteRule ^commentpizza\/save\/\d+$ /pizzerias [L,R=301]

RewriteRule ^etno\/.*?$ /pizzerias [L,R=301]

RewriteRule ^ETNO\/.*?$ /pizzerias [L,R=301]

RewriteCond %{QUERY_STRING} ^([^&]&)*pizza=Solo_Pizza
RewriteRule ^piceria\.php$ /solo_pizza$1? [L,R=301]

RewriteCond %{QUERY_STRING} ^([^&]&)*pizza=imperia
RewriteRule ^piceria\.php$ /imperia_pizza$1? [L,R=301]

RewriteCond %{QUERY_STRING} ^([^&]&)*pizza=grand
RewriteRule ^piceria\.php$ /grand$1? [L,R=301]

RewriteCond %{QUERY_STRING} ^([^&]&)*pizza=alibi
RewriteRule ^piceria\.php$ /alibi$1? [L,R=301]

RewriteCond %{QUERY_STRING} ^([^&]&)*pizza=VeronaPizza
RewriteRule ^piceria\.php$ /verona_pizza$1? [L,R=301]

RewriteCond %{QUERY_STRING} ^([^&]&)*pizza=pizza-party
RewriteRule ^piceria\.php$ /pizza_party$1? [L,R=301]

RewriteCond %{QUERY_STRING} ^([^&]&)*pizza=il-patio
RewriteRule ^piceria\.php$ /il_patio$1? [L,R=301]

RewriteCond %{QUERY_STRING} ^([^&]&)*pizza=domino
RewriteRule ^piceria\.php$ /dominos$1? [L,R=301]

RewriteCond %{QUERY_STRING} ^([^&]&)*pizza=vesuvio
RewriteRule ^piceria\.php$ /vesuvio$1? [L,R=301]

RewriteCond %{QUERY_STRING} ^([^&]&)*pizza=trattoria-pizza
RewriteRule ^piceria\.php$ /trattoria_pizza$1? [L,R=301]

RewriteCond %{QUERY_STRING} ^([^&]&)*pizza=mio-pizza
RewriteRule ^piceria\.php$ /mio_pizza$1? [L,R=301]

RewriteCond %{QUERY_STRING} ^([^&]&)*pizza=adriano-pizza
RewriteRule ^piceria\.php$ /adriano_pizza$1? [L,R=301]

RewriteCond %{QUERY_STRING} ^([^&]&)*pizza=chelentano
RewriteRule ^piceria\.php$ /chelentano$1? [L,R=301]

RewriteCond %{QUERY_STRING} ^([^&]&)*pizza=capodemonte
RewriteRule ^piceria\.php$ /capodemonte$1? [L,R=301]

RewriteCond %{QUERY_STRING} ^([^&]&)*pizza=menu-avenue
RewriteRule ^piceria\.php$ /menu_avenue$1? [L,R=301]

RewriteCond %{QUERY_STRING} ^([^&]&)*pizza=mafia
RewriteRule ^piceria\.php$ /mafia$1? [L,R=301]

<IfModule mod_rewrite.c>
    RewriteEngine On

    #<IfModule mod_vhost_alias.c>
    #    RewriteBase /
    #</IfModule>

    RewriteCond %{REQUEST_FILENAME} !-f
    RewriteRule ^(.*)$ app.php [QSA,L]

</IfModule>
<IfModule mod_headers.c>
    <FilesMatch ".(ico|pdf|flv|jpg|jpeg|png|gif|js|css|swf)$">
        Header set Cache-Control "max-age=7200, must-revalidate"
    </FilesMatch>
</IfModule>
php_flag short_open_tag off
php_flag magic_quotes_gpc off

